Mair,Rasell,mrasell0@posterous.com
Rowney,Egentan,regentan1@pbs.org
Sherm,Habble,shabble2@yelp.com
Gerek,Gheeorghie,ggheeorghie3@si.edu
Ira,Saunter,isaunter4@ebay.com
Margette,Starmont,mstarmont5@howstuffworks.com
Moe,Seagrave,mseagrave6@friendfeed.com
Jane,Postan,jpostan7@nifty.com
Law,Stuke,lstuke8@soup.io
Griz,Swatridge,gswatridge9@squidoo.com
Marlowe,Pearsey,mpearseya@xing.com
Zuzana,Treffry,ztreffryb@skyrock.com
Terrye,Cobley,tcobleyc@wisc.edu
Eolande,Alexsandrovich,ealexsandrovichd@kickstarter.com
Gina,Skyppe,gskyppee@google.fr
Drusie,Paddingdon,dpaddingdonf@techcrunch.com
Lorrayne,Doe,ldoeg@dailymotion.com
Alexa,Boaler,aboalerh@plala.or.jp
Cort,McDonand,cmcdonandi@gizmodo.com
Dorthea,Sweedy,dsweedyj@biblegateway.com
Lyon,Minett,lminettk@cpanel.net
Debora,Gibling,dgiblingl@webeden.co.uk
Vivie,Skelton,vskeltonm@washingtonpost.com
Zea,Rosling,zroslingn@goo.gl
Jenilee,Fargie,jfargieo@opera.com
Elinore,Langstaff,elangstaffp@xrea.com
Julienne,Miller,jmillerq@sohu.com
Riane,Prazor,rprazorr@diigo.com
Knox,Turfes,kturfess@bloglines.com
Emmeline,Damrel,edamrelt@arizona.edu
